typ,type,,My current word testing list @ December 2025
guter,goods,,
gewesen,been,,
grund,reason,,
zeigen,show,,
film,film,,
schlecht,bad,,
schatz,treasure,,
deshalb,for this reason,,
holen,fetch,,
hoffe,hope,,
tu,do,,
sagst,say,,
bett,bed,,
muß,must,,
seite,page,,
gefällt,pleases,,
eben,even,,
lasst,let,,
gefallen,fallen,,
stunden,hours,,
herz,heart,,
wohin,where,,
trinken,drink,,
letzten,last,,
mensch,person,,
ersten,first,,
unten,below,,
gesicht,face,,
versuchen,attempt,,
wort,word,,
denen,those,,
verlassen,leave,,
endlich,finally,,
denkst,think,,
solltest,should,,
schlafen,sleep,,
ziemlich,quite,,
jack,Jack,,
dollar,dollar,,
arsch,ass,,
manchmal,sometimes,,
fest,firmly,,
wiedersehen,see you again,,
beste,best,,
kleinen,small,,
kriegen,get,,
läuft,running,,
wahrheit,truth,,
zwischen,between,,
niemals,never,,
unserer,our,,
nehme,take,,
allen,all,,
während,while,,
glaubst,do you believe,,
ding,thing,,
idee,idea,,
wollten,wanted,,
lässt,lets,,
musste,had,,
sachen,things,,
ah,uh,,
bleib,stay,,
kleiner,smaller,,
euer,your,,
nummer,number,,
sondern,rather,,
frei,free,,
oft,often,,
entschuldigung,excuse,,
wen,who,,
ernst,serious,,
alte,old,,
schule,school,,
ort,location,,
erzählt,told,,
anderes,other,,
new,new,,
alt,old,,
chance,chance,,
einige,some,,
bloß,just,,
entschuldigen,excuse,,
setzen,set,,
bedeutet,means,,
erzählen,tell,,
feuer,fire,,
pass,passport,,
würdest,would,,
schuld,fault,,
dad,dad,,
getötet,killed,,
jungen,young,,
drauf,on it,,
platz,place,,
wären,would be,,
tust,do,,
papa,papa,,
spaß,fun,,
versucht,tried,,
wichtig,important,,
besten,best,,
sorge,worries,,
kennst,do you know,,
lst,lst,,
hund,dog,,
blut,blood,,
hierher,here,,
reicht,suffices,,
alten,old,,
wär,would,,
glücklich,happy,,
brauchst,need,,
hände,hands,,
unseren,our,,
hättest,would have,,
kaum,barely,,
rede,speech,,
zuerst,first,,
stellen,place,,
beiden,both,,
falls,if,,
früh,early,,
wartet,waits,,
neuen,new,,
sechs,six,,
jede,every,,
freundin,girlfriend,,
lieben,love,,
teil,part,,
stunde,hour,,
langsam,slow,,
scheint,appears,,
früher,earlier,,
großen,large,,
waffe,weapon,,
telefon,phone,,
himmel,heaven,,
lernen,learn,,
you,you,,
äh,uh,,
zehn,ten,,
gedacht,thought,,
willkommen,welcome,,
frank,frank,,
luft,air,,
licht,light,,
hol,get,,
seht,look,,
menge,crowd,,
voll,full,,
überall,everywhere,,
tat,did,,
erde,earth,,
gebe,give,,
ruf,call,,
möglich,possible,,
spricht,speaks,,
könig,king,,
eltern,parents,,
außer,except,,
nächsten,next,,
ziehen,pull,,
wahrscheinlich,probably,,
wollt,wanted,,
dürfen,may,,
nennen,to name,,
falsch,incorrect,,
ehrlich,honest,,
irgendwas,something,,
nächste,next,,
wochen,weeks,,
meines,my,,
herren,men,,
straße,street,,
heiraten,marry,,
stück,piece,,
sam,sam,,
doktor,doctor,,
neues,new,,
gegeben,given,,
kaffee,coffee,,
möchten,want,,
verstehst,do you understand,,
krank,sick,,
danach,thereafter,,
geworden,become,,
arzt,physician,,
schaffen,create,,
stelle,position,,
groß,large,,
wem,whom,,
hölle,hell,,
völlig,fully,,
weh,sore,,
fehler,mistake,,
drüben,over,,
büro,office,,
captain,captain,,
rufen,call,,
irgendwie,somehow,,
eigenen,own,,
probleme,problems,,
allem,all,,
wert,value,,
tue,do,,
buch,book,,
lebt,lives,,
scheiß,Shit,,
kaufen,buy,,
erinnern,remember,,
direkt,direct,,
laufen,run,,
trotzdem,despite it,,
schreiben,write,,
still,still,,
kleines,small,,
körper,body,,
retten,save,,
fand,found,,
unserem,our,,
solche,such,,
denkt,thinks,,
könnt,can,,
ln,ln,,
alleine,alone,,
sitzen,sit,,
höre,listen,,
millionen,millions,,
tagen,days,,
suche,search,,
vergiss,forget,,
gutes,good,,
leider,unfortunately,,
sagten,said,,
typen,types,,
schlüssel,key,,
tragen,carry,,
mund,mouth,,
worden,have,,
hält,holds,,
zwar,that is,,
bereits,already,,
leicht,light,,
spielt,plays,,
schiff,ship,,
hörst,do you hear,,
lhren,their,,
onkel,uncle,,
glaub,believe,,
verlieren,lose,,
großer,large,,
klingt,sounds,,
irgendwo,somewhere,,
zukunft,future,,
kennt,knows,,
plan,plan,,
schöne,beautiful,,
verschwinden,disappear,,
interessiert,interested,,
waffen,weapons,,
kämpfen,battle,,
party,party,,
bringe,bring,,
hinten,rear,,
setz,set,,
kumpel,buddy,,
wolltest,wanted,,
boden,floor,,
general,general,,
zeig,show,,
böse,evil,,
halte,hold,,
gegangen,gone,,
richtige,correct,,
liebling,darling,,
acht,eight,,
froh,glad,,
machte,made,,
jedes,each,,
hart,hard,,
vorsichtig,cautious,,
versuch,attempt,,
getroffen,met,,
mögen,like,,
zeug,things,,
damals,at that time,,
stimme,agree,,
gefühl,feeling,,
leuten,people,,
lesen,read,,
mist,crap,,
zug,train,,
hattest,had,,
verdammte,damn it,,
geschäft,business,,
arschloch,asshole,,
rest,rest,,
mom,mom,,
aufhören,stop,,
könntest,could,,
klasse,class,,
lasse,let,,
boss,boss,,
erklären,explain,,
fliegen,fly,,
laden,load,,
stolz,proud,,
stark,strong,,
hasse,hate,,
wohnung,apartment,,
gebracht,brought,,
fort,continued,,
genauso,just as,,
mai,May,,
entschuldige,sorry,,
besonders,particularly,,
seien,be,,
tages,day,,
weniger,fewer,,
zieh,pull,,
ärger,aggravation,,
fühle,feel,,
schauen,look,,
idiot,idiot,,
schneller,faster,,
denk,think,,
geschafft,done,,
verzeihung,forgiveness,,
daddy,daddy,,
tja,well,,
schicken,send,,
erwartet,expected,,
nachricht,news,,
findet,finds,,
funktioniert,functions,,
werd,will,,
stand,stand,,
traum,dream,,
sollst,You should,,
fallen,fall,,
wovon,of which,,
gefängnis,jail,,
aufs,on,,
hotel,hotel,,
krankenhaus,hospital,,
umbringen,kill,,
fällt,falls,,
redest,talk,,
weisst,you know,,
gottes,God,,
total,total,,
fenster,window,,
lebens,life,,
glaubt,believes,,
vorstellen,introduce,,
and,and,,
sinn,sense,,
ändern,change,,
versuche,try,,
heraus,out of here,,
heißen,be called,,
tanzen,dance,,
monate,months,,
lachen,laugh,,
kampf,battle,,
nachdem,after,,
arm,arm,,
wenigstens,at least,,
geschehen,happen,,
hörte,heard,,
kamen,came,,
passt,fits,,
liebt,loves,,
folgen,consequences,,
eher,rather,,
gefragt,asked,,
dumm,dumb,,
deswegen,because of this,,
solange,as long as,,
lustig,funny,,
starb,died,,
unmöglich,impossible,,
bild,picture,,
boot,boat,,
genommen,taken,,
dame,lady,,
führen,lead,,
unglaublich,incredible,,
vertrauen,trust,,
verletzt,injured,,
passieren,happen,,
cool,cool,,
meisten,most,,
vorher,previously,,
plötzlich,suddenly,,
angerufen,called,,
bewegung,movement,,
kümmern,take care,,
rüber,over,,
komisch,funny,,
paris,Paris,,
super,super,,
sieben,seven,,
erinnere,remember,,
lhrer,your,,
ne,no,,
rufe,call,,
bier,beer,,
augenblick,moment,,
herum,around,,
kalt,cold,,
wunderbar,wonderful,,
großartig,great,,
wahl,choice,,
auge,eye,,
fahr,drive,,
konnten,could,,
länger,longer,,
johnny,Johnny,,
tisch,table,,
rum,rum,,
antwort,answer,,
jedem,each,,
david,David,,
arme,poor,,
umgebracht,killed,,
schlimm,terrible,,
verheiratet,married,,
steh,stand,,
anrufen,call,,
worte,words,,
möchtest,would like,,
vorsicht,caution,,
hilf,help,,
bezahlt,paid,,
voller,full,,
links,left,,
sekunden,seconds,,
werdet,will,,
wärst,would be,,
liegen,lay,,
fühlen,feel,,
nochmal,again,,
armee,army,,
bitten,ask,,
gestorben,died,,
finger,finger,,
meinung,opinion,,
nimmt,takes,,
zahlen,pay,,
sicherheit,security,,
verkaufen,sell,,
gesprochen,spoken,,
wozu,for what reason,,
müde,tired,,
seele,soul,,
welcher,which,,
schießen,shoot,,
michael,Michael,,
arbeite,work,,
sitzt,sits,,
to,to,,
sonne,sun,,
damen,ladies,,
laß,let,,
bezahlen,pay,,
selber,himself,,
reise,trip,,
team,team,,
sobald,as soon as,,
meister,master,,
majestät,majesty,,
anfang,beginning,,
fangen,catch,,
außerdem,aside from that,,
geschrieben,written,,
sex,sex,,
hole,hole,,
kriegt,gets,,
yeah,yeah,,
magst,like,,
laut,loud,,
klappe,flap,,
amerika,America,,
nahm,took,,
niemanden,nobody,,
gefährlich,dangerous,,
mörder,murderer,,
gewinnen,win,,
gedanken,thoughts,,
obwohl,although,,
monat,month,,
arbeitet,works,,
herrn,Mr.,,
behalten,keep,,
legen,place,,
bob,bob (haircut),,
person,person,,
herzen,hearts,,
brief,letter,,
präsident,president,,
rechts,right,,
anfangen,begin,,
schluss,ending,,
hübsch,pretty,,
gewonnen,won,,
wisst,do you know,,
versprochen,promised,,
chef,chef,,
findest,find,,
perfekt,perfect,,
schlagen,hit,,
tatsächlich,actually,,
pferd,horse,,
dagegen,against it,,
erfahren,experience,,
monsieur,monsieur,,
mord,murder,,
nähe,vicinity,,
nötig,necessary,,
wow,Wow,,
aller,all,,
offen,open,,
wach,awake,,
singen,sing,,
beispiel,example,,
sowieso,anyway,,
jedenfalls,anyway,,
schwein,pig,,
bank,bank,,
ziel,goal,,
klein,small,,
verdient,earned,,
band,band,,
geist,spirit,,
ma,ma,,
max,max,,
neu,new,,
schreit,screams,,
anwalt,attorney,,
monaten,months,,
show,show,,
heim,home,,
führt,leads,,
lauf,run,,
ehre,honor,,
unterwegs,on the way,,
gelernt,learned,,
minute,minute,,
reich,rich,,
wunder,wonder,,
opfer,victim,,
erzähl,tell,,
bekannt,known,,
hau,hau,,
haut,skin,,
weder,neither,,
rücken,back,,
bekommt,receives,,
jemals,ever,,
partner,partner,,
zieht,pulls,,
nase,nose,,
gefahr,danger,,
regeln,regulate,,
absolut,absolutely,,
tief,deep,,
flugzeug,airplane,,
befehl,command,,
geschickt,sent,,
wette,bet,,
nennt,calls,,
jung,young,,
sucht,seeks,,
gehabt,had,,
geboren,born,,
rolle,role,,
schönen,beautiful,,
leg,leg,,
holt,gets,,
erinnerst,do you remember,,
heiße,hot,,
kraft,power,,
lhrem,her,,
lacht,laughs,,
bar,bear,,
richtung,direction,,
tasche,bag,,
schlag,hit,,
professor,professor,,
steckt,is,,
ständig,constant,,
erwischt,caught,,
stell,position,,
schrecklich,terrible,,
verschwinde,disappear,,
weise,way,,
schlimmer,worse,,
ließ,let,,
frieden,peace,,
verliebt,in love,,
bleibe,stay,,
ehe,before,,
kriege,wars,,
näher,closer,,
gelesen,read,,
dahin,there,,
wofür,for what,,
dauert,lasts,,
neben,next to,,
gold,gold,,
raum,space,,
benutzt,used,,
welches,which,,
regierung,government,,
fährt,drives,,
volk,people,,
fernsehen,TV,,
zeiten,times,,
toten,kill,,
achtung,danger,,
karte,map,,
hunger,hunger,,
diesmal,this time,,
preis,price,,
benutzen,use,,
scheisse,shit,,
hilft,helps,,
geschenk,gift,,
hoffentlich,hopefully,,
manche,some,,
ansehen,view,,
kriegst,you get,,
lage,location,,
wünschte,wish,,
fehlt,missing,,
willen,will,,
bescheid,notice,,
heiß,hot,,
kamera,camera,,
gleiche,same,,
ruft,calls,,
unfall,accident,,
ans,to,,
bullen,bulls,,
szene,scene,,
gericht,court,,
gerettet,rescued,,
schlaf,sleep,,
schicksal,fate,,
gesetz,law,,
fürs,for,,
verkauft,sold,,
bewegen,move,,
leiche,corpse,,
lm,lm,,
jesus,Jesus,,
soldaten,soldiers,,
geburtstag,birthday,,
lebe,live,,
darfst,may,,
ewig,forever,,
ben,ben,,
schade,Too bad,,
seh,see,,
witz,joke,,
müsste,would,,
es,it,,
erwarten,expect,,
ihres,their,,
fahre,drive,,
ähm,um,,
pro,per,,
traurig,sad,,
hältst,do you hold,,
jemandem,someone,,
setzt,sets,,
gesellschaft,company,,
punkt,point,,
freiheit,freedom,,
darin,in it,,
brachte,brought,,
weile,while,,
jawohl,yes indeed,,
dasselbe,the same,,
maul,mouth,,
zeigt,shows,,
taxi,taxi,,
erreichen,to reach,,
redet,talks,,
foto,photo,,
gekauft,bought,,
meer,sea,,
sheriff,sheriff,,
liebst,love,,
unbedingt,absolutely,,
aussehen,look,,
tante,aunt,,
drehen,turn,,
stirbt,dies,,
bord,board,,
kirche,church,,
tee,tea,,
von,of,,
erledigt,completed,,
wein,wine,,
weihnachten,Christmas,,
irgendwann,sometime,,
euren,your,,
brauch,need,,
hochzeit,wedding,,
dorf,village,,
sagtest,you said,,
james,James,,
lady,lady,,
lust,desire,,
kontrolle,control,,
tolle,great,,
beine,legs,,
hut,hat,,
hoffnung,hope,,
firma,company,,
me,me,,
lügen,lie,,
sergeant,sergeant,,
fürchte,I am afraid,,
kaputt,broken,,
bekam,got,,
ist,is,,
nachrichten,news,,
ball,ball,,
haare,hair,,
tschüss,bye,,
seltsam,strange,,
vergnügen,enjoyment,,
sauber,clean,,
rechnung,bill,,
zuhause,at home,,
anderer,other,,
zeichen,sign,,
herein,in,,
liste,list,,
haltet,hold,,
normal,normal,,
see,lake,,
schätze,I guess,,
bewegt,moves,,
wussten,knew,,
blick,view,,
naja,Oh well,,
gesucht,wanted,,
gestohlen,stolen,,
vorne,in front,,
kindern,children,,
frag,ask,,
bleibst,stay,,
nachts,at night,,
neun,nine,,
nämlich,namely,,
wunderschön,beautiful,,
stecken,put,,
großes,large,,
freut,happy,,
weitere,more,,
gehören,belong,,
schwöre,I swear,,
nervös,nervous,,
hals,neck,,
gearbeitet,worked,,
eigene,own,,
glas,glass,,
versteckt,hidden,,
feind,enemy,,
schönes,beautiful,,
verzeihen,pardon,,
öffnen,open,,
meter,meter,,
drogen,drugs,,
schöner,beautiful,,
nehmt,take,,
madame,madame,,
süß,sweet,,
entscheidung,decision,,
erschossen,shot,,
verändert,changed,,
wind,wind,,
strahl,ray,,
wohnen,reside,,
schuhe,shoes,,
interessant,interesting,,
übrigens,by the way,,
letzter,last,,
müsst,must,,
nächstes,next,,
schaut,looks,,
armen,poor,,
verstand,mind,,
verraten,betrayed,,
besuch,visit,,
beweise,proofs,,
sekunde,second,,
polizist,policeman,,
meint,means,,
fell,fur,,
insel,island,,
beweisen,prove,,
antworten,answer,,
fotos,photos,,
passen,fit,,
werfen,throw,,
persönlich,personal,,
fragte,asked,,
namens,called,,
gegenüber,opposite,,
unsinn,nonsense,,
drink,drink,,
fuß,foot,,
besuchen,visit,,
güte,quality,,
lieb,dear,,
guck,look,,
deines,yours,,
richtigen,correct,,
übrig,left over,,
major,major,,
bein,leg,,
messer,knife,,
geheimnis,secret,,
kannte,knew,,
gegessen,eaten,,
ungefähr,approximately,,
ran,ran,,
nahe,vicinity,,
meinte,meant,,
nimmst,take,,
gruppe,group,,
bücher,books,,
weib,woman,,
geschlafen,slept,,
london,London,,
letztes,last,,
zeitung,newspaper,,
zufrieden,satisfied,,
verdammten,damned,,
zweite,second,,
geliebt,loved,,
freude,joy,,
loch,hole,,
stellt,presents,,
statt,instead of,,
fleisch,meat,,
ganzes,whole,,
verschwunden,disappeared,,
worauf,whereupon,,
sauer,sour,,
erkennen,recognize,,
weißen,white,,
entfernt,removed,,
nick,Nick,,
mut,courage,,
mitnehmen,take along,,
anruf,call,,
lied,song,,
träume,dreams,,
for,for,,
kostet,costs,,
fisch,fish,,
amerikaner,American,,
schuldig,guilty,,
zumindest,at least,,
entweder,either,,
mark,mark,,
sprach,spoke,,
informationen,information,,
miteinander,each other,,
sowas,like this,,
gibst,give,,
sahen,saw,,
schmerz,pain,,
furchtbar,terrible,,
niemandem,no one,,
vaters,father's,,
vorwärts,forward,,
computer,computer,,
teilen,split,,
gefahren,driven,,
erster,first,,
eier,eggs,,
seines,his,,
kontakt,contact,,
situation,situation,,
bus,bus,,
verstecken,hide,,
händen,hands,,
ehren,honor,,
entlang,along,,
küche,kitchen,,
wütend,angry,,
mami,mommy,,
fühlt,feel,,
eddie,Eddie,,
überraschung,surprise,,
haar,hair,,
schwert,sword,,
schreien,scream,,
lag,lay,,
fräulein,miss,,
ha,Ha,,
hielt,held,,
richter,judge,,
gespielt,played,,
gegend,area,,
red,red,,
gebäude,building,,
geredet,talked,,
rat,council,,
schlechte,bad,,
süße,sweetness,,
hängt,depends,,
eis,ice,,
big,big,,
zerstört,destroyed,,
koffer,suitcase,,
wohnt,lives,,
schwarze,black,,
versteht,understands,,
kümmere,take care,,
erledigen,complete,,
lieutenant,lieutenant,,
männern,men,,
witzig,funny,,
schließlich,finally,,
position,position,,
drinnen,indoors,,
soweit,so far,,
falsche,FALSE,,
entscheiden,decide,,
erhalten,receive,,
bauen,build,,
kleid,a dress,,
dachten,thought,,
übel,bad,,
überleben,survive,,
hinaus,in,,
beeil,heap,,
wald,forest,,
töte,kill,,
beschäftigt,busy,,
ring,ring,,
verbindung,connection,,
königin,queen,,
ecke,corner,,
halb,half,,
bericht,report,,
gingen,go,,
vergangenheit,past,,
spiele,games,,
angefangen,begun,,
weinen,cry,,
welchen,which,,
radio,radio,,
nah,close,,
beziehung,relationship,,
hängen,hang,,
feiern,celebrate,,
mussten,had to,,
verhaftet,arrested,,
maschine,machine,,
ermordet,murdered,,
größte,largest,,
betrunken,drunk,,
mußt,must,,
soldat,soldier,,
irgendetwas,anything,,
an,on,,
gefühle,feelings,,
rauf,up,,
rief,called,,
beginnt,begins,,
witze,jokes,,
engel,angel,,
quatsch,nonsense,,
hälfte,half,,
spreche,speak,,
lehrer,teacher,,
england,England,,
dessen,whose,,
schwierig,difficult,,
fang,catch,,
gleichen,same,,
respekt,respect,,
adresse,address,,
brücke,bridge,,
falschen,FALSE,,
blumen,flowers,,
besorgen,obtain,,
sommer,summer,,
bilder,pictures,,
park,park,,
flug,flight,,
agent,agent,,
schlampe,slut,,
hunde,dogs,,
geschlagen,beaten,,
beginnen,start,,
danken,thank,,
schritt,step,,
zerstören,destroy,,
bombe,bomb,,
san,san,,
schwarzen,black,,
gelassen,relaxed,,
aufgabe,task,,
allerdings,however,,
unseres,our,,
washington,Washington,,
prinzessin,princess,,
oberst,colonel,,
kümmert,cares,,
treten,step,,
unterschied,difference,,
gesund,healthy,,
stimmen,voices,,
knast,prison,,
fahrt,drive,,
heisst,is called,,
steig,rise,,
gehirn,brain,,
besorgt,worried,,
fluss,flow,,
tiere,animals,,
bekomme,get,,
brüder,brothers,,
indem,by,,
trägt,carries,,
gewartet,waited,,
bisher,until now,,
tor,goal,,
glückwunsch,congratulations,,
gebt,give,,
schafft,creates,,
planeten,planets,,
wünsche,wishes,,
blöd,stupid,,
rom,Rome,,
hintern,butt,,
falle,fall,,
singt,sings,,
dach,roof,,
tötet,kills,,
helfe,help,,
pistole,gun,,
freunden,friends,,
karten,cards,,
leiden,suffer,,
wünschen,wish,,
gewehr,gun,,
fühlst,do you feel,,
kapitän,captain,,
neuer,newer,,
reichen,are sufficient,,
system,system,,
sprich,speak,,
schläft,sleeps,,
worüber,about what,,
katze,cat,,
vogel,bird,,
rennen,run,,
erinnert,remembers,,
rechte,right,,
bringst,bring,,
tier,animal,,
steigen,climb,,
flasche,bottle,,
traf,met,,
küssen,kiss,,
deren,whose,,
leisten,afford,,
halbe,half,,
eurer,your,,
verspreche,I promise,,
vermisst,missing,,
genannt,named,,
fragt,asks,,
verbrechen,crime,,
aussieht,looks,,
melden,report,,
stehe,stand,,
verantwortlich,responsible,,
pferde,horses,,
erfolg,success,,
lee,lee,,
ohren,ears,,
bad,bad,,
keinem,none,,
weiß,white,,
besonderes,special,,
theater,theater,,
natur,nature,,
lächeln,smile,,
club,club,,
auftrag,order,,
wichser,wanker,,
aufhalten,stop,,
schmerzen,pains,,
by,by,,
davor,before,,
wüsste,knew,,
abendessen,dinner,,
verdienen,earn,,
trifft,hits,,
deutschen,German,,
überrascht,surprised,,
baum,tree,,
kosten,cost,,
leer,empty,,
morgens,morning,,
gefangen,caught,,
van,van,,
wand,wall,,
Stadt,city,,
haufen,heap,,
schließen,close,,
möglichkeit,possibility,,
schützen,protect,,
besteht,consists,,
rauchen,smoke,,
schwierigkeiten,difficulties,,
stein,stone,,
mitten,in the middle,,
hinein,inside,,
hose,trousers,,
verdammter,damned,,
autos,cars,,
zuvor,before,,
prima,great,,
schwanz,tail,,
lächerlich,ridiculous,,
schickt,sends,,
wieviel,how much,,
beschützen,protect,,
liebes,Dear,,
befehle,commands,,
echte,real,,
vermutlich,allegedly,,
englisch,English,,
bedeuten,mean,,
junger,younger,,
lüge,lie,,
gemeinsam,together,,
pause,pause,,
versteh,understand,,
aufpassen,watch out,,
einverstanden,agreed,,
brechen,break,,
grad,degree,,
prinz,prince,,
polizisten,police officers,,
Gebieter,lord,,
druck,pressure,,
heilige,holy,,
daher,therefore,,
schwarz,black,,
solchen,such,,
übernehmen,take over,,
nachmittag,afternoon,,
regen,rain,,
schätzchen,baby,,
zweiten,second,,
rock,rock,,
fassen,grasp,,
tote,dead,,
fiel,fell,,
madam,madam,,
mitgebracht,brought along,,
mannes,man,,
mochte,want,,
wart,wait,,
lief,ran,,
dorthin,there,,
unterhalten,entertain,,
schuss,shot,,
angriff,attack,,
freue,am happy,,
gebaut,built,,
gebrochen,broken,,
fanden,found,,
beruhige,calm down,,
offensichtlich,apparently,,
versprechen,promise,,
monster,monster,,
fängt,begins,,
kapiert,I understand,,
ehemann,husband,,
geschlossen,closed,,
frühstück,breakfast,,
gebeten,requested,,
stören,disturb,,
irre,insane,,
farbe,color,,
taten,did,,
zufällig,randomly,,
geschieht,happens,,
pfund,pound,,
mission,mission,,
zeige,show,,
wochenende,weekend,,
unternehmen,company,,
fantastisch,fantastic,,
kate,kate,,
geb,born,,
schlägt,strikes,,
entschieden,decided,,
spur,track,,
liebte,loved,,
hieß,was called,,
vertrag,contract,,
dienst,service,,
held,hero,,
verpasst,missed,,
irgendwelche,any,,
filme,films,,
stock,stock,,
meilen,miles,,
wahnsinn,craziness,,
erschießen,shoot,,
nee,no,,
einzigen,single,,
mitkommen,come with me,,
braut,bride,,
reisen,travel,,
gewissen,conscience,,
schmeckt,tastes,,
sprache,language,,
begann,began,,
eigenes,own,,
reihe,row,,
fern,remote,,
drüber,about it,,
mond,moon,,
gang,aisle,,
schauspieler,actor,,
vollkommen,completely,,
runde,round,,
restaurant,restaurant,,
dreck,dirt,,
schrieb,wrote,,
untertitel,subtitles,,
sprichst,speak,,
warm,warm,,
mistkerl,bastard,,
nette,nice,,
bekommst,get,,
lager,storage,,
atmen,breathe,,
legt,lays,,
daraus,from this,,
schloss,lock,,
geschossen,shot,,
gespräch,conversation,,
leise,quiet,,
flughafen,airport,,
wunsch,wish,,
schwanger,pregnant,,
operation,operation,,
anzug,men's suit,,
gelegenheit,opportunity,,
folge,consequence,,
kunden,customers,,
dankbar,thankful,,
welchem,which,,
gewusst,known,,
tanz,dance,,
füße,feet,,
thema,theme,,
brauchte,needed,,
dreh,turn,,
netter,nice,,
verantwortung,responsibility,,
umsonst,for free,,
geändert,changed,,
subtitles,subtitles,,
verboten,forbidden,,
schlechter,worse,,
million,million,,
dick,thick,,
größer,larger,,
nerven,annoy,,
schaden,damage,,
erreicht,reached,,
jagen,hunting,,
urlaub,vacation,,
erlaubt,allowed,,
gäste,guests,,
erfahrung,experience,,
viei,viei,,
rot,red,,
getrunken,drank,,
freuen,be happy,,
besseres,better,,
wache,wake,,
gewalt,force,,
entkommen,escape,,
wußte,knew,,
hasst,hates,,
riecht,smells,,
strand,beach,,
sterbe,die,,
konntest,could,,
aufstehen,stand up,,
wahnsinnig,insane,,
nachgedacht,thought,,
oberst,colonel,,
william,William,,
beenden,finish,,
kino,cinema,,
lauter,loud,,
folgt,follows,,
aha,Aha,,
wahre,TRUE,,
angebot,offer,,
erklärt,explained,,
trink,drink,,
stört,disrupts,,
gilt,applies,,
keller,cellar,,
post,post,,
senator,senator,,
eurem,your,,
isst,eats,,
geschichten,stories,,
frankreich,France,,
no,no,,
gentlemen,gentlemen,,
kugel,bullet,,
gemeint,meant,,
milch,milk,,
machten,made,,
kleider,dresses,,
herausfinden,find out,,
mindestens,at least,,
einigen,some,,
trottel,idiot,,
schaffst,do you manage,,
kuss,kiss,,
geholfen,helped,,
knie,knee,,
worum,what about,,
grab,grave,,
voraus,in advance,,
blind,blind,,
schande,shame,,
schönheit,beauty,,
versuchte,attempted,,
fuhr,drove,,
schatten,shadow,,
schulden,debts,,
dauern,last,,
schwimmen,to swim,,
such,search,,
beruhigen,calm,,
form,form,,
bessere,better,,
verschwindet,disappears,,
zweimal,twice,,
präsidenten,presidents,,
dunkel,dark,,
idioten,idiots,,
sieg,victory,,
takelage,rig,,
pläne,plans,,
Schläger,bat,,
zufall,coincidence,,
eingeladen,invited,,
scherz,kidding,,
gezeigt,shown,,
geheiratet,married,,
fahrer,driver,,
ähnlich,similar,,
verhalten,behave,,
staaten,states,,
garten,garden,,
großvater,grandfather,,
schreibt,writes,,
pflicht,duty,,
spielte,played,,
deckung,cover,,
energie,energy,,
zeugen,witnesses,,
star,star,,
fährst,drive,,
nachdenken,ponder,,
risiko,risk,,
geschäfte,shops,,
erstes,first,,
kunst,art,,
behandelt,treated,,
geschah,happened,,
helft,help,,
dürfte,likely,,
heiligen,holy,,
mädels,girls,,
beweis,proof,,
priester,priest,,
wusstest,did you know,,
stopp,stop,,
zustand,condition,,
direktor,director,,
gehalten,held,,
grenze,border,,
juden,Jews,,
geblieben,remained,,
erzählte,told,,
vielleicht,maybe,,
brennt,burns,,
interesse,interest,,
seiten,pages,,
berg,mountain,,
test,test,,
blöde,stupid,,
soviel,so much,,
hoffen,hope,,
dringend,urgent,,
nutzen,to use,,
entdeckt,discovered,,
story,story,,
scheinen,seem,,
klingelt,rings,,
woanders,elsewhere,,
ldee,idea,,
oma,granny,,
aufgeben,give up,,
lösung,solution,,
bravo,Bravo,,
nachher,afterward,,
stöhnt,groans,,
bastard,bastard,,
satt,full,,
sonntag,Sunday,,
armer,poor,,
woran,what,,
schnauze,snout,,
fred,Fred,,
geplant,planned,,
normalerweise,normally,,
kurs,course,,
wesen,essence,,
angetan,impressed,,
fliegt,flies,,
killer,killer,,
anhalten,Stop,,
hinterlassen,leave behind,,
do,do,,
einheit,unit,,
gestellt,placed,,
ziehe,pull,,
blödsinn,nonsense,,
mantel,a coat,,
verlangen,demand,,
sorry,Sorry,,
hoheit,Your Highness,,
nehm,take,,
verlangt,required,,
welch,which,,
überlegen,superior,,
schüler,pupils,,
beweg,move,,
stehst,are you,,
hure,whore,,
deal,deal,,
brot,bread,,
verbringen,spend,,
ann,ann,,
vorhin,earlier,,
rache,revenge,,
großmutter,grandmother,,
beeilen,hurry up,,
lautet,is,,
durcheinander,mixed up,,
bühne,stage,,
walter,Walter,,
karriere,career,,
ton,clay,,
gelaufen,walked,,
blieb,remained,,
dieb,thief,,
weshalb,for what reason,,
zweifel,doubt,,
ohr,ear,,
detective,detective,,
zähne,teeth,,
gast,guest,,
freitag,Friday,,
kochen,cook,,
dreht,turns,,
schutz,protection,,
merken,remember,,
verfolgt,pursued,,
erinnerung,memory,,
video,video,,
fair,fair,,
längst,long ago,,
wetter,weather,,
passierte,happened,,
norden,north,,
einsam,lonely,,
kuchen,cake,,
bösen,evil,,
handy,mobile phone,,
knochen,bone,,
gebiet,area,,
abteilung,department,,
gäbe,would,,
patienten,patients,,
arbeitest,work,,
tritt,occurs,,
kohle,money,,
springen,jump,,
bulle,bull,,
tausend,thousand,,
staat,state,,
scharf,sharp,,
langweilig,boring,,
steigt,rises,,
teuer,expensive,,
schick,chic,,
möge,may,,
schätzen,treasure,,
roten,redden,,
abends,at evening,,
panik,panic,,
ebenso,as well,,
mitte,center,,
herzlichen,heartfelt,,
publikum,audience,,
papiere,papers,,
einiges,some,,
ios,iOS,,
hemd,shirt,,
beten,pray,,
stuhl,chair,,
hmm,hmm,,
krankheit,illness,,
champagner,champagne,,
up,up,,
einander,each other,,
womit,with which,,
chicago,Chicago,,
klug,smart,,
hauen,hit,,
gefeuert,fired,,
erlauben,allow,,
fass,barrel,,
fühlte,felt,,
rote,redness,,
inspektor,inspector,,
stern,star,,
tode,death,,
zeitpunkt,time,,
helden,heroes,,
stehlen,steal,,
träumen,dream,,
selbstverständlich,of course,,
westen,west,,
leck,leak,,
sitze,seats,,
jedoch,however,,
beruf,profession,,
schweigen,be silent,,
schüsse,shots,,
hassen,hate,,
neuigkeiten,news,,
gehts,Going,,
nachbarn,neighbors,,
zählt,count,,
zigarette,cigarette,,
song,song,,
fick,fuck,,
trotz,despite,,
trage,wear,,
entlassen,dismissed,,
begraben,buried,,
echter,real,,
rechten,right,,
winter,winter,,
street,street,,
vorstellung,performance,,
erzähle,tell,,
rose,rose,,
bestes,best,,
klappt,works,,
nigger,nigger,,
suchst,are looking,,
entschuldigt,excused,,
kenn,know,,
dadurch,through this,,
alan,alan,,
hochschule,college,,
abholen,pick up,,
medizin,medicine,,
fing,started,,
las,las,,
weiteren,further,,
fragst,ask,,
funktionieren,function,,
schwach,weak,,
europa,Europe,,
rechnung,invoice,,
wundervoll,wonderful,,
andy,andy,,
beinahe,almost,,
presse,press,,
seitdem,since,,
samstag,Saturday,,
motor,motor,,
zunge,tongue,,
wirkt,works,,
spiegel,mirror,,
süden,south,,
handeln,act,,
selben,the same,,
bester,best,,
sterne,stars,,
zahl,number,,
brust,breast,,
akte,file,,
gewinnt,wins,,
neulich,recently,,
dumme,stupid,,
zählen,to count,,
streit,dispute,,
schien,seemed,,
schießt,shoots,,
lang,long,,
strafe,penalty,,
verflucht,cursed,,
aufmachen,open up,,
bemerkt,noticed,,
ums,about,,
König,king,,
toilette,toilet,,
trug,wore,,
trick,trick,,
stop,Stop,,
schweine,pigs,,
zog,pulled,,
arbeitete,work,,
freundlich,friendly,,
knapp,meager,,
luke,hatch,,
angenommen,assumed,,
termin,appointment,,
amen,Amen,,
saß,sat,,
unschuldig,innocent,,
frisch,fresh,,
bißchen,a little,,
wichtiger,important,,
bauch,belly,,
erwarte,expect,,
decke,ceiling,,
trinke,drink,,
english,English,,
toller,great,,
überprüfen,check,,
high,high,,
aufmerksamkeit,attention,,
dan,Dan,,
feinde,enemies,,
verändern,change,,
führer,leader,,
sturm,storm,,
victor,Victor,,
vorbereitet,prepared,,
deutsche,German,,
größe,size,,
hintergrund,background,,
lebst,live,,
zigaretten,cigarettes,,
reiten,ride,,
außerhalb,outside,,
spielst,play,,
menschheit,humanity,,
sprachen,languages,,
wetten,betting,,
irgendjemand,anyone,,
langen,long,,
abgesehen,apart from,,
tatsache,fact,,
spinnst du?,Are you crazy?,,
selbstmord,suicide,,
lösen,solve,,
enden,end,,
geduld,patience,,
roboter,robot,,
erinnerungen,memories,,
drücken,press,,
nieder,low,,
erwachsen,adult,,
gelogen,Lies,,
schreibe,write,,
geklaut,stolen,,
gekriegt,got,,
wirf,throw,,
nackt,naked,,
unterschreiben,sign,,
vergeben,forgive,,
größten,largest,,
treppe,stairs,,
erklärung,explanation,,
wild,wild,,
spannende,exciting,,
montag,Monday,,
irgend,any,,
alarm,alarm,,
leichen,corpses,,
schicke,chic,,
programm,program,,
lebendig,lively,,
bieten,offer,,
beendet,finished,,
sei,be,,
einsatz,mission,,
howard,Howard,,
kerle,guys,,
papier,paper,,
halben,half,,
peinlich,awkward,,
lippen,lips,,
berge,mountains,,
kaiser,emperor,,
wüste,desert,,
ei,egg,,
schnee,snow,,
besprechen,discuss,,
signal,signal,,
en,en,,
annehmen,assume,,
vertraut,trusted,,
blau,blue,,
überzeugt,convinced,,
wichtige,important,,
trauen,trust,,
wachen,wake,,
vorn,front,,
zwölf,twelve,,
lügner,liar,,
fremden,strangers,,
einfacher,simpler,,
ausgezeichnet,excellent,,
trinkt,drinks,,
mehrere,several,,
geglaubt,believed,,
hingehen,go there,,
schaffe,create,,
lebte,lived,,
existiert,exists,,
eifersüchtig,jealous,,
hinterher,after,,
behandeln,treat,,
alkohol,alcohol,,
ertragen,bear,,
verliert,loses,,
hauptmann,captain,,
vögel,birds,,
hurensohn,son of a whore,,
desto,the more,,
zurückkommen,come back,,
fernseher,TV,,
schlage,hit,,
unrecht,wrong,,
gas,gas,,
jederzeit,at any time,,
matt,frosted,,
chief,chief,,
nirgendwo,nowhere,,
iss,eat,,
glaubte,believed,,
auseinander,apart,,
offenbar,apparently,,
ideen,ideas,,
ausgehen,go out,,
helen,Helen,,
selten,rarely,,
schlau,clever,,
wählen,choose,,
truppen,troops,,
russen,Russians,,
gebrauchen,use,,
türen,doors,,
packen,pack,,
landen,land,,
götter,gods,,
bedeutung,meaning,,
interessieren,are of interest,,
schlug,hit,,
amerikanische,American,,
merkwürdig,unusual,,
hübsche,pretty,,
verhaften,arrest,,
betrifft,regarding,,
jacke,jacket,,
reinkommen,come in,,
streiten,argue,,
fressen,eat,,
griff,handle,,
verfolgen,track,,
aussage,expression,,
erlaubnis,permission,,
email,e-mail,,
wurdest,were,,
feld,field,,
edward,Edward,,
bahn,train,,
kontrollieren,control,,
genie,genius,,
kuh,cow,,
botschaft,message,,
tränen,tears,,
liest,reads,,
geschmack,taste,,
schief,wrong,,
dritte,third,,
schlange,snake,,
verrückte,crazy,,
ernsthaft,seriously,,
stoff,material,,
älter,older,,
dennoch,nonetheless,,
absicht,intention,,
stich,engraving,,
osten,east,,
labor,laboratory,,
extra,extra,,
nannte,named,,
wartest,wait,,
pech,bad luck,,
eindruck,impression,,
ärzte,doctors,,
anscheinend,apparently,,
dieselbe,the same,,
gesetzt,set,,
verhindern,impede,,
weitermachen,continue,,
spieler,player,,
süßer,sweet,,
prozent,percent,,
gebraucht,needed,,
straßen,streets,,
schnitt,cut,,
schreie,screams,,
schlafe,temple,,
verwirrt,confused,,
familien,families,,
erfreut,delighted,,
riesen,giant,,
talent,talent,,
erwähnt,mentioned,,
mühe,effort,,
setze,set,,
code,code,,
wessen,whose,,
sendung,broadcast,,
linie,line,,
ändert,changes,,
überlegt,considered,,
heimat,hometown,,
schwul,gay,,
trennen,separate,,
gift,gift,,
aufgeregt,upset,,
briefe,letters,,
probieren,try out,,
ficken,fuck,,
öffnet,opens,,
bricht,breaks,,
abhauen,run away,,
weiterhin,furthermore,,
schritte,steps,,
ritter,knight,,
begleiten,accompany,,
kauf,purchase,,
verlässt,leaves,,
dingen,things,,
greifen,grab,,
erkannt,recognized,,
zucker,sugar,,
bürgermeister,mayor,,
überlebt,survived,,
angeht,as far as,,
heil,unhurt,,
erlebt,experienced,,
fliehen,flee,,
untersuchung,investigation,,
brille,glasses,,
verräter,traitor,,
stil,style,,
find,find,,
fliege,fly,,
kiste,box,,
fehlen,miss,,
nenne,name,,
flucht,escape,,
nenn,name,,
verpiss,piss off,,
beobachtet,observed,,
mitternacht,midnight,,
gaben,gave,,
mitgenommen,taken,,
hungrig,hungry,,
kleidung,clothing,,
menschliche,human,,
jungfrau,Virgo,,
handelt,acts,,
innerhalb,within,,
stoppen,stop,,
gleichzeitig,at the same time,,
würde,would,,
richtiger,correct,,
dienen,serve,,
hans,Hans,,
beeilung,hurry,,
verlor,lost,,
maschinen,machines,,
teile,parts,,
treffe,meet,,
projekt,project,,
null,zero,,
irgendein,any,,
gerechtigkeit,justice,,
grün,green,,
spitze,great,,
anziehen,put on,,
éch,eh,,
heutzutage,nowadays,,
notwendig,necessary,,
kommando,command,,
leutnant,lieutenant,,
gucken,look,,
hä,huh,,
wahren,preserve,,
wohne,live,,
getrennt,separated,,
spuren,sense,,
zuviel,too much,,
punkte,points,,
rate,rate,,
opa,grandpa,,
öffne,open,,
gründe,reasons,,
deutschland,Germany,,
geister,ghosts,,
treiben,to drive,,
schrei,scream,,
harte,hardness,,
strom,electricity,,
kalifornien,California,,
fett,fat,,
raten,guess,,
enttäuscht,disappointed,,
hexe,witch,,
officer,officer,,
herrgott,Lord,,
angekommen,arrived,,
mittag,midday,,
explosion,explosion,,
aufgehört,stopped,,
locker,loose,,
locker,loose,,
dritten,third,,
geburt,birth,,
china,China,,
meins,mine,,
zuhören,listen,,
beobachten,observe,,
gezogen,pulled,,
fein,fine,,
klopfen,knock,,
dummkopf,idiot,,
baron,baron,,
berlin,Berlin,,
cent,cent,,
wichtigste,most important,,
künstler,artist,,
gemein,mean,,
gras,grass,,
zuletzt,last,,
werk,factory,,
schnappen,grab,,
esse,eat,,
eilig,hurry,,
politik,policy,,
festhalten,hold onto,,
einziger,only,,
scheck,check,,
personen,persons,,
dahinter,behind,,
nahmen,took,,
bürger,citizens,,
laßt,let,,
tötete,killed,,
gegenteil,opposite,,
hank,hank,,
erleben,experience,,
agenten,agents,,
geöffnet,open,,
woiite,woiite,,
dicht,dense,,
leiter,director,,
französisch,French,,
schwestern,sisters,,
drum,that,,
can,can,,
aufgenommen,recorded,,
verzeih,forgive,,
hosen,pants,,
fische,fish,,
daniel,Daniel,,
benehmen,behavior,,
schlechten,bad,,
magen,stomach,,
nettes,nice,,
hof,courtyard,,
verpassen,miss,,
erfüllt,fulfilled,,
tschüs,bye,,
wiiist,wist,,
verteidigen,defend,,
stellte,presented,,
hütte,hut,,
tolles,great,,
wege,ways,,
stücke,pieces,,
jason,Jason,,
verbunden,tied together,,
offizier,officer,,
schlimmste,worst,,
wissenschaftler,scientist,,
klo,toilet,,
leichter,lighter,,
gesamte,entire,,
fabrik,factory,,
wiederhole,repeat,,
house,house,,
spazieren,stroll,,
draussen,outside,,
sack,bag,,
befreien,free,,
wirkiich,really,,
treibt,drives,,
abgeschlossen,completed,,
schlafzimmer,bedroom,,
genießen,enjoy,,
feuern,fire,,
anführer,leader,,
miles,miles,,
stinkt,stinks,,
antworte,reply,,
geträumt,dreamed,,
gerufen,called,,
kämpfe,fights,,
amerikanischen,American,,
gehörte,belonged,,
black,black,,
wenige,few,,
dunkelheit,darkness,,
titel,title,,
inzwischen,in the meantime,,
holz,wood,,
uniform,uniform,,
versteck,hiding place,,
würd,would,,
angegriffen,attacked,,
zelle,cell,,
kollegen,colleagues,,
streng,strictly,,
schiffe,ships,,
schlechtes,bad,,
artikel,article,,
krieger,warrior,,
wechseln,change,,
benzin,petrol,,
beruhigt,reassured,,
mitleid,pity,,
echten,real,,
bestellt,ordered,,
geheimnisse,secrets,,
penner,bum,,
pack,pack,,
starten,start,,
anfassen,touch,,
häuser,houses,,
scheißkerl,bastard,,
praktisch,practical,,
hirn,brain,,
trägst,wear,,
schickte,sent,,
tausende,thousands,,
durchs,through,,
regel,rule,,
weint,cries,,
abgemacht,agreed,,
vernichten,destroy,,
vermissen,miss,,
waschen,wash,,
überlassen,left,,
vernünftig,reasonable,,
pater,father,,
solltet,should,,
date,date,,
erzählst,tell,,
dauernd,constantly,,
untersuchen,investigate,,
herkommen,come here,,
dienstag,Tuesday,,
begegnet,encountered,,
hiermit,hereby,,
ned,ned,,
christian,Christian,,
besucht,visited,,
wachsen,grow,,
vorschlag,suggestion,,
ebenfalls,also,,
drehbuch,script,,
over,over,,
spüren,sense,,
freundschaft,friendship,,
vieles,many,,
aufnehmen,to record,,
antun,do,,
riskieren,risk,,
kilometer,kilometers,,
markt,market,,
chaos,chaos,,
cousin,cousin,,
gewisse,certain,,
aufnahme,recording,,
einen,a,,
derjenige,that one,,
sand,sand,,
narr,fool,,
schreib,write,,
verschiedene,different,,
müll,garbage,,
stets,always,,
kämpft,fight,,
zahle,pay,,
höher,higher,,
schläfst,sleep,,
studio,studio,,
geheim,secret,,
spring,spring,,
ratte,rat,,
wirklichkeit,reality,,
schieß,shoot,,
johnson,Johnson,,
grant,grant,,
himmels,heavens,,
grosse,size,,
endet,ends,,
ergeben,result,,
entwickelt,developed,,
figur,figure,,
schneiden,cut,,
station,station,,
beeilt,hurry,,
kauft,buys,,
bewusst,consciously,,
blaue,blueness,,
daten,data,,
riechen,smell,,
scheidung,divorce,,
schädel,skull,,
reparieren,repair,,
altes,old,,
geil,cool,,
überzeugen,convince,,
hundert,hundred,,
tv,TV,,
solch,such,,
verbrecher,criminals,,
ruiniert,ruined,,
umgehen,evade,,
besseren,better,,
feigling,coward,,
empfangen,received,,
universum,universe,,
fresse,eat (animals),,
schrank,wardrobe,,
prozess,process,,
spass,fun,,
reifen,tires,,
gelebt,lived,,
täglich,daily,,
erfunden,invented,,
zurückkehren,return,,
staub,dust,,
besitzer,owner,,
achten,regard,,
angeblich,allegedly,,
munition,ammunition,,
fremde,foreign,,
notfall,emergency,,
jackson,Jackson,,
panzer,tanks,,
fühl,feel,,
schwere,heavy,,
indianer,Indians,,
möglicherweise,possibly,,
vertraue,trust,,
entführt,kidnapped,,
gratuliere,Congratulations,,
gesundheit,health,,
marie,Marie,,
chancen,chances,,
bestätigt,confirmed,,
anstatt,instead of,,
ware,goods,,
erschreckt,frightened,,
irgendeine,any,,
mußte,had to,,
deutlich,clearly,,
tiefer,deeper,,
schlacht,battle,,
linken,left,,
geworfen,thrown,,
führte,led,,
berühmt,famous,,
rechtzeitig,punctual,,
bestens,excellent,,
kugeln,balls,,
vereinigten,united,,
einst,once,,
happy,happy,,
lebend,live,,
west,west,,
vermisse,I miss,,
lies,read,,
dinger,things,,
mitglied,member,,
lily,lily,,
gegenseitig,each other,,
lauft,running,,
grace,grace,,
bäume,trees,,
steine,stones,,
akzeptieren,accept,,
rocky,rocky,,
wehtun,hurt,,
frische,fresh,,
neugierig,curious,,
gewarnt,warned,,
geholt,fetched,,
sitz,seat,,
aufwachen,wake up,,
hübsches,pretty,,
daneben,besides,,
lernt,learns,,
geführt,guided,,
beerdigung,burial,,
geraten,advised,,
ließen,let,,
kreuz,cross,,
zeitungen,newspapers,,
diener,servant,,
besitz,possession,,
erschaffen,create,,
brav,well-behaved,,
merkt,notices,,
befindet,are,,
komplett,completely,,
eng,closely,,
theorie,theory,,
suchte,searched,,
verletzen,injure,,
anrufe,calls,,
pilot,pilot,,
lärm,noise,,
wonach,after which,,
übers,about,,
gedanke,thought,,
spüre,feel,,
verdammtes,damn it,,
irren,err,,
gründen,found,,
meistens,mostly,,
perfekte,perfect,,
entspannen,relax,,
afrika,Africa,,
realität,reality,,
gezwungen,forced,,
lügst,are you lying,,
äußerst,extremely,,
liebsten,I love you,,
beschlossen,decided,,
kräfte,forces,,
rauch,smoke,,
filmen,film,,
engländer,English,,
ursache,cause,,
zulassen,allow,,
fürchten,fear,,
angenehm,pleasant,,
angreifen,attack,,
leitung,line,,
suppe,soup,,
wohin,where to,,
maske,mask,,
arbeiter,workers,,
einziges,only,,
schnappt,grabs,,
behalte,keep,,
nennst,name,,
befinden,condition,,
zahlt,pays,,
landes,country,,
überprüft,checked,,
unterstützung,support,,
lügt,lies,,
übergeben,hand over,,
sklaven,slaves,,
wünscht,wishes,,
wolf,wolf,,
eile,hurry,,
mittagessen,lunch,,
huh,huh,,
tanzt,dances,,
hubschrauber,helicopter,,
kommandant,commander,,
jugend,youth,,
sicht,view,,
jo,yeah,,
verteidigung,defense,,
come,come,,
sexy,sexy,,
immerhin,anyway,,
wichtiges,important,,
gefangenen,prisoners,,
gewählt,chosen,,
flügel,wing,,
aufregend,exciting,,
standen,stood,,
anteil,portion,,
morgan,morgan,,
krebs,cancer,,
neuichkeit,novelty,,
krebs,cancer,,
kaufe,buy,,
anderem,other,,
knopf,button,,
läßt,lets,,
reine,pure,,
moskau,Moscow,,
gelegt,laid,,
verabredung,appointment,,
auftritt,occurs,,
schluck,swallow,,
stellung,position,,
wiederholen,repeat,,
gefolgt,followed,,
hörten,heard,,
lege,lay,,
negativ,negative,,
giaube,giaube,,
richten,direct,,
ergibt,results,,
jagd,hunting,,
bahnhof,railroad station,,
fähig,capable,,
unglück,accident,,
öfter,more often,,
krankenwagen,ambulance,,
verursacht,caused,,
wunderbare,wonderful,,
verrückter,crazy,,
aye,aye,,
manager,manager,,
blauen,blue,,
text,text,,
schulde,debt,,
ziehst,pull,,
kilo,kilo,,
bye,bye,,
betrogen,cheated,,
geschaffen,created,,
gedächtnis,memory,,
erscheint,appears,,
akten,files,,
wissenschaft,science,,
langsamer,slower,,
lmmer,lmm,,
ausziehen,get undressed,,
entspann,relaxed,,
diamanten,diamonds,,
bande,band,,
freien,free,,
prost,Cheers!,,
sollt,should,,
vorgestellt,presented,,
clever,clever,,
versuchst,are you trying,,
kompanie,company,,
rosa,pink,,
umdrehen,turn around,,
schaff,create,,
scheiss,shit,,
titten,tits,,
beantworten,answer,,
vergisst,forgets,,
leidenschaft,passion,,
berühren,touch,,
unterhaltung,entertainment,,
donnerstag,Thursday,,
Müller,miller,,
gesetze,laws,,
berichten,report,,
start,start,,
leb,life,,
loswerden,get rid of,,
begonnen,started,,
sch,sch,,
earl,Earl,,
affen,monkeys,,
verarschen,fool,,
erfüllen,fulfill,,
zweck,purpose,,
todes,death,,
miete,rent,,
sicherlich,surely,,
revolution,revolution,,
volle,full,,
mac,mac,,
pizza,pizza,,
fuer,for,,
füßen,feet,,
geschenkt,gift,,
bergen,recover,,
plus,plus,,
gepäck,baggage,,
exzellenz,excellence,,
grenzen,borders,,
möglichkeiten,possibilities,,
virus,virus,,
stammt,origins,,
geräusch,noise,,
zurecht,rightly so,,
kanone,cannon,,
rückkehr,return,,
hilfst,help,,
erstaunlich,astonishing,,
bestraft,punished,,
stimmung,mood,,
vergib,forgive,,
versagt,failed,,
hollywood,Hollywood,,
christus,Christ,,
bestehen,consist,,
hass,hate,,
erwischen,catch,,
tour,tour,,
graben,dig,,
subcentral,subcentral,,
käse,cheese,,
melde,report,,
geliebte,beloved,,
wirken,works,,
schütze,protect,,
angesehen,viewed,,
tasse,cup,,
grunde,reasons,,
unglücklich,unhappy,,
out,out,,
zeuge,witness,,
toter,dead,,
reporter,reporter,,
taub,deaf,,
zwingen,force,,
konzentrieren,focus,,
beeindruckt,impressed,,
braun,brown,,
probe,sample,,
kompliziert,complicated,,
beides,both,,
aufgegeben,abandoned,,
verliere,lose,,
gekämpft,fought,,
mars,Mars,,
jene,those,,
kurze,short,,
vermögen,assets,,
gesteckt,inserted,,
legende,legend,,
wut,fury,,
fälle,cases,,
geid,gift,,
normale,normal,,
steck,plug,,
erkläre,explain,,
seil,rope,,
knarre,creak,,
gehörst,belong,,
einstellung,attitude,,
hässlich,ugly,,
kannten,knew,,
viertel,quarter,,
behauptet,claims,,
verurteilt,sentenced,,
koch,cook,,
höhe,height,,
besitzt,owns,,
anweisungen,instructions,,
schulter,shoulder,,
herauszufinden,to find out,,
pfarrer,priest,,
gewöhnt,used,,
applaus,applause,,
betty,betty,,
erscheinen,appear,,
commander,commander,,
anklage,indictment,,
heiliger,holy,,
mittel,medium,,
verstärkung,reinforcement,,
schließt,closes,,
hübscher,pretty,,
brach,broke,,
innen,inside,,
gouverneur,governor,,
japan,Japan,,
schenken,give,,
stärke,strength,,
ewigkeit,eternity,,
schokolade,chocolate,,
zauberer,wizard,,
würdet,would,,
wirft,throws,,
gemeldet,reported,,
klinik,clinic,,
per,by,,
verbrennen,burn,,
umzubringen,to kill,,
juli,July,,
bestellen,order,,
heiratet,marries,,
wohnst,live,,
sparen,save,,
urteil,verdict,,
menschlichen,human,,
klären,clear up,,
anschauen,look at,,
bloss,just,,
behaupten,claim,,
einladung,invitation,,
zusehen,watch,,
paß,passport,,
gehofft,hoped,,
cowboy,cowboy,,
bond,bond,,
milliarden,billions,,
sing,sing,,
entfernen,remove,,
kindheit,childhood,,
marine,marine,,
worten,words,,
with,with,,
klamotten,clothes,,
abgehauen,ran away,,
ruhm,fame,,
zeigte,showed,,
bewahren,preserve,,
farm,farm,,
verdacht,suspicion,,
lese,read,,
bomben,bombs,,
fan,fan,,
studiert,studied,,
hergekommen,came here,,
information,information,,
belohnung,reward,,
frohe,happy,,
heben,lift,,
bereich,area,,
crew,crew,,
universität,university,,
brachten,brought,,
gerät,device,,
führe,lead,,
sender,sender,,
laufe,run,,
details,details,,
hügel,hill,,
nutte,hooker,,
sünde,sin,,
zweiter,second,,
erfolgreich,successful,,
hervorragend,terrific,,
gegner,opponent,,
stirbst,die,,
fange,start,,
tunnel,tunnel,,
verließ,left,,
eingesperrt,locked up,,
gelandet,landed,,
starke,strength,,
albern,silly,,
ausweis,ID,,
aussteigen,exit,,
linke,left,,
schreckliche,terrible,,
weitergehen,continue,,
elf,eleven,,
seltsame,strange,,
angelegenheit,matter,,
schwerer,heavier,,
bequem,comfortable,,
jahrhundert,century,,
posten,post,,
weich,soft,,
gentleman,gentleman,,
nass,wet,,
kamst,came,,
einkaufen,shopping,,
puppe,doll,,
dusche,shower,,
deck,deck,,
söhne,sons,,
daheim,home,,
rauskommen,get out,,
humor,humor,,
springt,jumps,,
nation,nation,,
berührt,touched,,
gemerkt,noticed,,
steckst,are you stuck,,
last,load,,
erstens,first,,
mauer,wall,,
korrekt,correctly,,
rund,around,,
gewiss,certainly,,
überfallen,attacked,,
lektion,lesson,,
kind,kid,,
live,live,,
schönste,most beautiful,,
konzert,concert,,
beigebracht,taught,,
patient,patient,,
verbrannt,burned,,
schild,sign,,
unterricht,instruction,,
sonny,sonny,,
bereich,area,,
verrückten,crazy,,
wenden,turn around,,
öffentlichkeit,public,,
russland,Russia,,
vertrau,trust,,
mutig,brave,,
rufst,call,,
franzosen,French,,
kreis,circle,,
fürst,prince,,
verabschieden,say goodbye,,
basis,base,,
tiger,tiger,,
lehrerin,teacher,,
beziehungen,relationships,,
bete,pray,,
taschen,bags,,
sünden,sins,,
leib,body,,
hammer,hammer,,
museum,museum,,
besondere,special,,
gestört,disturbed,,
eindeutig,clearly,,
segne,bless,,
stahl,steel,,
lhres,your,,
offiziell,officially,,
steuern,steer,,
lecker,yummy,,
einheiten,units,,
krone,crown,,
germanich,Germanic,,
klang,sound,,
rette,rescue,,
roman,novel,,
hitze,heat,,
nix,nothing,,
material,material,,
kühlschrank,refrigerator,,
unheimlich,scary,,
atem,breath,,
drachen,dragons,,
prüfen,check,,
liebhaber,lover,,
bluetooth,bluetooth,,
freie,free,,
ausser,except,,
hohen,high,,
real,real,,
verdächtigen,suspect,,
weine,wines,,
wenigen,few,,
betreten,enter,,
klauen,to steal,,
gehöre,belong,,
palast,palace,,
anbieten,offer,,
wunde,wound,,
einfache,simple,,
warnung,warning,,
september,September,,
schaue,look,,
begeistert,enthusiastic,,
gedreht,turned,,
käme,would come,,
umständen,circumstances,,
vergesse,forget,,
regisseur,director,,
erkennt,recognizes,,
angezogen,dressed,,
stress,stress,,
warnen,warn,,
seelen,souls,,
ausgerechnet,of all things,,
fakten,facts,,
geruch,odor,,
behandlung,treatment,,
telefonieren,make a phone call,,
whoa,whoa,,
spanisch,Spanish,,
weggehen,leave,,
bekamen,received,,
kurzem,short,,
weißer,white,,
fieber,fever,,
vorbereiten,prepare,,
verlasse,leave,,
april,April,,
verfügung,disposal,,
graf,count,,
ginge,go,,
gewohnt,used,,
arschlöcher,assholes,,
charakter,character,,
ergebnis,result,,
deutsch,German,,
folgendes,the following,,
nebenan,next door,,
jünger,younger,,
gonna,Gonna,,
stirb,die,,
mademoiselle,Mademoiselle,,
sohnes,son,,
unterstützen,support,,
klavier,piano,,
modell,model,,
umstände,circumstances,,
verwenden,use,,
kopie,copy,,
heirate,marry,,
pillen,pills,,
let,let,,
starben,died,,
trafen,met,,
paradies,paradise,,
haken,hook,,
zugeben,admit,,
verschwand,disappeared,,
furcht,fear,,
verschiedenen,different,,
definitiv,definitely,,
versicherung,insurance,,
hinsetzen,sit down,,
loslassen,release,,
aufgrund,because of,,
gerüchte,rumors,,
religion,religion,,
marshall,Marshall,,
strasse,street,,
boy,boy,,
küste,coast,,
stille,silence,,
asche,ash,,
kichert,giggles,,
schreibtisch,desk,,
vögeln,birds,,
bestätigen,confirm,,
besitzen,own,,
dramatische,dramatic,,
stöhnen,moan,,
farben,colors,,
friedhof,cemetery,,
training,training,,
besiegen,defeat,,
karen,Karen,,
no,ni,,
ruhen,rest,,
pünktlich,on time,,
sammeln,collect,,
störung,disturbance,,
technik,technology,,
beleidigt,insulted,,
höhle,cave,,
ranch,ranch,,
lernte,learned,,
babys,babies,,
ldiot,ldiot,,
laster,vice,,
fluch,curse,,
wovor,what from,,
genosse,enjoyed,,
dunkeln,dark,,
seufzt,sighs,,
geflogen,flown,,
üben,practice,,
übersetzt,translated,,
voran,forward,,
whisky,whiskey,,
gewicht,weight,,
stone,stone,,
klingen,sound,,
schauspielerin,actress,,
schock,shock,,
gefangene,prisoners,,
wilde,wild,,
zentrale,central,,
gesichter,faces,,
atme,breathe,,
ankunft,arrival,,
tollen,great,,
konto,account,,
dachtest,thought,,
senden,send,,
besessen,possessed,,
könne,can,,
randy,randy,,
know,know,,
schmutzig,dirty,,
sport,sport,,
hafen,harbor,,
narren,fool,,
verlust,loss,,
rollen,roll,,
schuldest,debt,,
freundinnen,girlfriends,,
studieren,study,,
esel,donkey,,
vietnam,Vietnam,,
vernichtet,destroyed,,
just,just,,
kopfschmerzen,headache,,
zugang,access,,
stiefel,boots,,
jenseits,beyond,,
apparat,apparatus,,
führerschein,driver's license,,
rettet,saves,,
freiwillig,voluntarily,,
felsen,rock,,
stan,stan,,
antrag,application,,
gewinner,winner,,
befreit,freed,,
pleite,broke,,
probier,try,,
schnapp,snap,,
sowie,as well as,,
hohe,height,,
schwarzer,black,,
genügt,sufficient,,
terroristen,terrorists,,
zweitens,secondly,,
versprich,promise,,
stift,pen,,
widerstand,resistance,,
jener,that,,
hauses,house,,
dummes,stupid,,
verabredet,have an appointment,,
einladen,invite,,
beschützt,protected,,
einstellen,set,,
drück,press,,
räumen,clear,,
meinetwegen,For all I care,,
satz,sentence,,
morde,murders,,
jahres,year,,
ausruhen,relax,,
gefiel,liked,,
turm,tower,,
fordern,call  for,,
gekostet,cost,,
unwichtig,unimportant,,
miststück,bitch,,
schieben,push,,
bezahle,pay,,
kram,junk,,
abnehmen,lose weight,,
hauptquartier,headquarters,,
ratten,rats,,
tauschen,to exchange,,
penny,penny,,
brennen,burn,,
köpfe,heads,,
gross,large,,
dreimal,three times,,
gemeinde,community,,
begangen,committed,,
treu,faithful,,
entfernung,distance,,
grünen,green,,
attraktiv,attractive,,
dat,that,,
dean,dean,,
quelle,source,,
appetit,appetite,,
mine,mine,,
august,August,,
musstest,had to,,
beschreiben,describe,,
empfang,reception,,
jetzt,now,,
blasen,blow,,
getragen,worn,,
grausam,awful,,
huhn,chicken,,
wäsche,wash,,
betrachten,regard,,
wecken,wake up,,
verdienst,earnings,,
leiten,lead,,
kunde,customer,,
truppe,troop,,
warne,warn,,
abgelehnt,rejected,,
interessante,interesting,,
heut,today,,
liefern,delivery,,
cop,cop,,
einzig,only,,
setzte,set,,
beibringen,teach,,
versetzt,moved,,
wächst,grows,,
flehe,plea,,
wille,will,,
holst,get,,
greift,attacks,,
santa,Santa,,
leihen,lend,,
extrem,extreme,,
bestie,beast,,
sorgt,ensures,,
heilen,heal,,
darunter,including,,
amüsieren,amuse,,
italien,Italy,,
werbung,advertising,,
front,front,,
jäger,hunter,,
chinesen,Chinese,,
uni,university,,
reizend,charming,,
flugzeuge,airplanes,,
verschwenden,waste,,
spanien,Spain,,
herrscht,prevails,,
teddy,teddy,,
sozusagen,so to speak,,
böses,evil,,
angestellt,employed,,
trocken,dry,,
führung,guide,,
zentrum,center,,
keins,none,,
witwe,widow,,
hunderte,hundreds,,
atmet,breathes,,
dunklen,dark,,
fähigkeiten,skills,,
geküsst,kissed,,
jude,Jew,,
vergesst,forget,,
frühling,spring,,
aufnahmen,recordings,,
weihnachtsmann,Santa Claus,,
schlimmes,bad,,
durfte,was allowed,,
berichte,reports,,
scheiden,divorce,,
stattdessen,instead,,
iange,length,,
vieie,vieie,,
böser,evil,,
warf,threw,,
rad,wheel,,
ciao,ciao,,
bibel,Bible,,
höchstens,at most,,
verzweifelt,desperate,,
opfern,sacrifice,,
bau,building,,
bart,beard,,
trinkst,drink,,
hell,bright,,
badezimmer,bathroom,,
dutzend,dozen,,
abgeben,hand over,,
tiefe,depth,,
herzog,duke,,
verdiene,earn,,
kehrt,returns,,
nirgends,nowhere,,
abenteuer,adventure,,
ausdruck,expression,,
decken,cover,,
atmosphäre,atmosphere,,
sinnlos,pointless,,
reiß,tear,,
begriff,expression,,
geschenke,gifts,,
bereitet,prepares,,
gewöhnlich,usually,,
regnet,is raining,,
aussagen,testify,,
hait,hat,,
grossen,large,,
blöden,stupid,,
steuer,tax,,
zirkus,circus,,
nützlich,useful,,
nächster,next,,
vermute,I suspect,,
untersucht,examined,,
tempel,temple,,
gene,genes,,
nachsehen,look,,
tapfer,brave,,
ferien,holidays,,
kennenzulernen,to get to know,,
medikamente,medication,,
films,films,,
brad,Brad,,
nächte,nights,,
leere,empty,,
übernehme,take over,,
wichtigen,important,,
avenue,avenue,,
fahrrad,bicycle,,
phase,phase,,
entscheidungen,decisions,,
überfall,robbery,,
schwör,swear,,
rächen,revenge,,
bescheuert,stupid,,
vermeiden,avoid,,
beinen,legs,,
staatsanwalt,prosecutor,,
buddy,buddy,,
besiegt,defeated,,
mögliche,possible,,
trainer,trainer,,
übung,exercise,,
entgegen,in contrast to,,
gesang,singing,,
liebste,favorite,,
verlierst,you lose,,
verkaufe,selling,,
aufgefallen,noticed,,
erfährt,learns,,
einfluss,influence,,
truck,truck,,
bestimmten,certain,,
planet,planet,,
ebene,level,,
schwachsinn,nonsense,,
uber,above,,
whiskey,whiskey,,
bilden,form,,
minister,minister,,
bereuen,regret,,
netz,network,,
fingerabdrücke,fingerprints,,
legte,lay,,
papi,daddy,,
teller,plate,,
seibst,self,,
pool,pool,,
erschöpft,exhausted,,
reagiert,Reacts,,
wolken,clouds,,
typisch,typical,,
anblick,sight,,
gabe,gift,,
blume,flower,,
königs,king's,,
abschied,farewell,,
störe,disturb,,
autor,author,,
nochmals,again,,
tempo,tempo,,
bereiten,prepare,,
einspruch,objection,,
funk,radio,,
heutigen,today,,
beschissen,shitty,,
tropfen,drops,,
maus,mouse,,
verlange,demand,,
blödmann,idiot,,
solle,should,,
duschen,shower,,
tests,tests,,
doppelt,double,,
einsteigen,get in,,
vergaß,forgot,,
fuhren,lead,,
sinne,senses,,
organisation,organization,,
gerede,talk,,
heirat,marriage,,
herausgefunden,found,,
reißen,tear,,
ungern,reluctantly,,
partei,party,,
komische,strange,,
riesige,huge,,
schlief,slept,,
zuschauer,viewers,,
weiteres,further,,
keucht,gasps,,
umziehen,move,,
herrlich,splendid,,
leeren,empty,,
guckt,looks,,
junior,junior,,
verrat,betrayal,,
tricks,tricks,,
besonderen,special,,
katastrophe,disaster,,
blitz,flash,,
verkehr,traffic,,
identifizieren,identify,,
bestimmte,particular,,
mitarbeiter,employees,,
vergewaltigt,raped,,
rausholen,extract,,
gelächter,laughter,,
begrüßen,greet,,
vorm,before,,
kanal,channel,,
persönliche,personal,,
freier,free,,
laune,mood,,
verbracht,spent,,
vorteil,advantage,,
verfahren,procedure,,
verwendet,used,,
zorn,anger,,
tatort,crime scene,,
tupfen,dab,,
kette,chain,,
mädel,girl,,
jersey,jersey,,
stellst,ask,,
mächtig,powerful,,
nützt,useful,,
half,half,,
tal,valley,,
besorg,get,,
aufregung,excitement,,
bursche,boy,,
reingelegt,tricked,,
blöder,stupid,,
katzen,cats,,
download,download,,
scheißegal,don't give a fuck,,
schämen,shame,,
schuh,shoe,,
verkauf,sale,,
hättet,would have,,
volkes,people,,
marsch,march,,
hurra,hurray,,
psychiater,psychiatrist,,
bewaffnet,armed,,
weist,points,,
ross,horse,,
gegenwart,present,,
sekretärin,secretary,,
gangster,gangster,,
derselbe,the same,,
verlierer,loser,,
ladung,charge,,
gefehlt,missing,,
sauerstoff,oxygen,,
durst,thirst,,
aber,but,,
unterschrieben,signed,,
treue,loyalty,,
heb,lift,,
höchste,highest,,
wartete,waited,,
weibt,women,,
cola,cola,,
hielten,held,,
jobs,jobs,,
bauern,farmers,,
erden,earth,,
einzelnen,individual,,
spion,spy,,
heulen,howling,,
ruinieren,ruin,,
block,block,,
rätsel,puzzle,,
iiebe,love,,
beeindruckend,impressive,,
netten,nice,,
vieh,cattle,,
affe,ape,,
bedingungen,conditions,,
affäre,affair,,
abmachung,agreement,,
gewinne,wins,,
gefühlt,felt,,
wolle,wool,,
informieren,inform,,
täter,perpetrator,,
zwanzig,twenty,,
informiert,informed,,
starken,strengthen,,
geladen,loaded,,
feier,celebration,,
außen,outside,,
